{
  "slug": "INTC-FY2024",
  "challenge": {
    "fiscal_year": "FY2024",
    "fiscal_year_end_hint": "회계연도 종료: 12월 말",
    "reported_currency": "USD",
    "industry_options": [
      "Semiconductors (IDM)",
      "Semiconductors (Foundry)",
      "Semiconductors (Fabless)",
      "Memory / Storage",
      "Semiconductor Equipment",
      "PC / Server OEM",
      "Networking Hardware"
    ],
    "company_pool": [
      "Intel",
      "AMD",
      "Micron Technology",
      "TSMC",
      "Texas Instruments"
    ],
    "financials": {
      "income_statement": {
        "revenue": 53101000000,
        "costOfRevenue": 35756000000,
        "grossProfit": 17345000000,
        "grossMargin": 0.32664168283083184,
        "researchAndDevelopmentExpenses": 16546000000,
        "sellingGeneralAndAdministrativeExpenses": 5507000000,
        "operatingIncome": -11678000000,
        "operatingMargin": -0.2199205288036007,
        "interestIncome": 1805000000,
        "interestExpense": 824000000,
        "netInterestIncome": 981000000,
        "depreciationAndAmortization": 11379000000,
        "ebitda": 1203000000,
        "incomeBeforeTax": -11210000000,
        "incomeTaxExpense": 8023000000,
        "netIncome": -18756000000,
        "netMargin": -0.35321368712453627,
        "epsDiluted": -4.38,
        "weightedAverageSharesDiluted": 4280000000
      },
      "balance_sheet": {
        "cashAndCashEquivalents": 8249000000,
        "shortTermInvestments": 13813000000,
        "accountsReceivables": 3478000000,
        "inventory": 12198000000,
        "totalCurrentAssets": 47324000000,
        "propertyPlantEquipmentNet": 107919000000,
        "goodwill": 24693000000,
        "totalAssets": 196485000000,
        "accountPayables": 12556000000,
        "accruedExpenses": 14282000000,
        "shortTermDebt": 3729000000,
        "otherCurrentLiabilities": 3343000000,
        "totalCurrentLiabilities": 35666000000,
        "longTermDebt": 46282000000,
        "capitalLeaseObligationsNonCurrent": 0,
        "totalNonCurrentLiabilities": 55787000000,
        "totalLiabilities": 91453000000,
        "retainedEarnings": 49032000000,
        "totalStockholdersEquity": 99270000000,
        "totalDebt": 50011000000,
        "netDebt": 41762000000
      },
      "cash_flow_statement": {
        "netIncome": -19233000000,
        "depreciationAndAmortization": 11379000000,
        "stockBasedCompensation": 3410000000,
        "changeInInventory": -1105000000,
        "changeInAccountsPayable": 634000000,
        "changeInWorkingCapital": 1103000000,
        "operatingCashFlow": 8288000000,
        "capitalExpenditure": -23944000000,
        "freeCashFlow": -15656000000,
        "acquisitionsNet": -82000000,
        "commonStockRepurchased": 0,
        "commonDividendsPaid": -1599000000,
        "netCashProvidedByFinancingActivities": 11138000000,
        "interestPaid": 987000000,
        "incomeTaxesPaid": 2202000000
      }
    },
    "derived_ratios": {
      "returnOnEquity": -0.18893925657298277,
      "dividendPayoutRatio": null,
      "inventoryTurnover": 2.931300213149697,
      "daysInventoryOutstanding": null,
      "cashConversionCycleDays": null,
      "currentRatio": 1.3268659227275277,
      "fcfMargin": null
    },
    "financials_history": [
      {
        "fiscal_year": "FY2021",
        "income_statement": {
          "revenue": 79024000000,
          "costOfRevenue": 35209000000,
          "grossProfit": 43815000000,
          "grossMargin": 0.5544518121077141,
          "researchAndDevelopmentExpenses": 15190000000,
          "sellingGeneralAndAdministrativeExpenses": 6543000000,
          "operatingIncome": 19456000000,
          "operatingMargin": 0.2462036849564689,
          "interestIncome": 144000000,
          "interestExpense": 597000000,
          "netInterestIncome": -453000000,
          "depreciationAndAmortization": 11792000000,
          "ebitda": 33874000000,
          "incomeBeforeTax": 21703000000,
          "incomeTaxExpense": 1835000000,
          "netIncome": 19868000000,
          "netMargin": 0.2514172909495849,
          "epsDiluted": 4.86,
          "weightedAverageSharesDiluted": 4090000000
        },
        "balance_sheet": {
          "cashAndCashEquivalents": 4827000000,
          "shortTermInvestments": 24426000000,
          "accountsReceivables": 9457000000,
          "inventory": 10776000000,
          "totalCurrentAssets": 58558000000,
          "propertyPlantEquipmentNet": 63245000000,
          "goodwill": 26963000000,
          "totalAssets": 168406000000,
          "accountPayables": 5747000000,
          "accruedExpenses": 7713000000,
          "shortTermDebt": 4600000000,
          "otherCurrentLiabilities": 8326000000,
          "totalCurrentLiabilities": 27462000000,
          "longTermDebt": 33510000000,
          "capitalLeaseObligationsNonCurrent": 0,
          "totalNonCurrentLiabilities": 45553000000,
          "totalLiabilities": 73015000000,
          "retainedEarnings": 68265000000,
          "totalStockholdersEquity": 95391000000,
          "totalDebt": 38101000000,
          "netDebt": 33274000000
        },
        "cash_flow_statement": {
          "netIncome": 19868000000,
          "depreciationAndAmortization": 11792000000,
          "stockBasedCompensation": 2036000000,
          "changeInInventory": -2339000000,
          "changeInAccountsPayable": 1190000000,
          "changeInWorkingCapital": -5408000000,
          "operatingCashFlow": 29456000000,
          "capitalExpenditure": -20329000000,
          "freeCashFlow": 9127000000,
          "acquisitionsNet": -209000000,
          "commonStockRepurchased": -2415000000,
          "commonDividendsPaid": -5644000000,
          "netCashProvidedByFinancingActivities": -6211000000,
          "interestPaid": 545000000,
          "incomeTaxesPaid": 2263000000
        },
        "derived_ratios": {
          "returnOnEquity": 0.2082796070908157,
          "dividendPayoutRatio": null,
          "inventoryTurnover": 3.267353377876763,
          "daysInventoryOutstanding": null,
          "cashConversionCycleDays": null,
          "currentRatio": 2.1323283082077054,
          "fcfMargin": null
        }
      },
      {
        "fiscal_year": "FY2022",
        "income_statement": {
          "revenue": 63054000000,
          "costOfRevenue": 36188000000,
          "grossProfit": 26866000000,
          "grossMargin": 0.426079233672725,
          "researchAndDevelopmentExpenses": 17528000000,
          "sellingGeneralAndAdministrativeExpenses": 7002000000,
          "operatingIncome": 2334000000,
          "operatingMargin": 0.03701589114092683,
          "interestIncome": 589000000,
          "interestExpense": 496000000,
          "netInterestIncome": 93000000,
          "depreciationAndAmortization": 13035000000,
          "ebitda": 21299000000,
          "incomeBeforeTax": 7768000000,
          "incomeTaxExpense": -249000000,
          "netIncome": 8014000000,
          "netMargin": 0.1270974085704317,
          "epsDiluted": 1.94,
          "weightedAverageSharesDiluted": 4123000000
        },
        "balance_sheet": {
          "cashAndCashEquivalents": 11144000000,
          "shortTermInvestments": 17194000000,
          "accountsReceivables": 4133000000,
          "inventory": 13224000000,
          "totalCurrentAssets": 50407000000,
          "propertyPlantEquipmentNet": 80860000000,
          "goodwill": 27591000000,
          "totalAssets": 182103000000,
          "accountPayables": 9595000000,
          "accruedExpenses": 9458000000,
          "shortTermDebt": 4323000000,
          "otherCurrentLiabilities": 6528000000,
          "totalCurrentLiabilities": 32155000000,
          "longTermDebt": 37684000000,
          "capitalLeaseObligationsNonCurrent": 0,
          "totalNonCurrentLiabilities": 46662000000,
          "totalLiabilities": 78817000000,
          "retainedEarnings": 70405000000,