{
  "slug": "INTC-FY2024",
  "challenge": {
    "fiscal_year": "FY2024",
    "fiscal_year_end_hint": "회계연도 종료: 12월 말",
    "reported_currency": "USD",
    "industry_options": [
      "Semiconductors (IDM)",
      "Semiconductors (Foundry)",
      "Semiconductors (Fabless)",
      "Memory / Storage",
      "Semiconductor Equipment",
      "PC / Server OEM",
      "Networking Hardware"
    ],
    "company_pool": [
      "Intel",
      "AMD",
      "Micron Technology",
      "TSMC",
      "Texas Instruments"
    ],
    "financials": {
      "income_statement": {
        "revenue": 53101000000,
        "costOfRevenue": 35756000000,
        "grossProfit": 17345000000,
        "grossMargin": 0.32664168283083184,
        "researchAndDevelopmentExpenses": 16546000000,
        "sellingGeneralAndAdministrativeExpenses": 5507000000,
        "operatingIncome": -11678000000,
        "operatingMargin": -0.2199205288036007,
        "interestIncome": 1805000000,
        "interestExpense": 824000000,
        "netInterestIncome": 981000000,
        "depreciationAndAmortization": 11379000000,
        "ebitda": 1203000000,
        "incomeBeforeTax": -11210000000,
        "incomeTaxExpense": 8023000000,
        "netIncome": -18756000000,
        "netMargin": -0.35321368712453627,
        "epsDiluted": -4.38,
        "weightedAverageSharesDiluted": 4280000000
      },
      "balance_sheet": {
        "cashAndCashEquivalents": 8249000000,
        "shortTermInvestments": 13813000000,
        "accountsReceivables": 3478000000,
        "inventory": 12198000000,
        "totalCurrentAssets": 47324000000,
        "propertyPlantEquipmentNet": 107919000000,
        "goodwill": 24693000000,
        "totalAssets": 196485000000,
        "accountPayables": 12556000000,
        "accruedExpenses": 14282000000,
        "shortTermDebt": 3729000000,
        "otherCurrentLiabilities": 3343000000,
        "totalCurrentLiabilities": 35666000000,
        "longTermDebt": 46282000000,
        "capitalLeaseObligationsNonCurrent": 0,
        "totalNonCurrentLiabilities": 55787000000,
        "totalLiabilities": 91453000000,
        "retainedEarnings": 49032000000,
        "totalStockholdersEquity": 99270000000,
        "totalDebt": 50011000000,
        "netDebt": 41762000000
      },
      "cash_flow_statement": {
        "netIncome": -19233000000,
        "depreciationAndAmortization": 11379000000,
        "stockBasedCompensation": 3410000000,
        "changeInInventory": -1105000000,
        "changeInAccountsPayable": 634000000,
        "changeInWorkingCapital": 1103000000,
        "operatingCashFlow": 8288000000,
        "capitalExpenditure": -23944000000,
        "freeCashFlow": -15656000000,
        "acquisitionsNet": -82000000,
        "commonStockRepurchased": 0,
        "commonDividendsPaid": -1599000000,
        "netCashProvidedByFinancingActivities": 11138000000,
        "interestPaid": 987000000,
        "incomeTaxesPaid": 2202000000
      }
    },
    "derived_ratios": {
      "returnOnEquity": -0.18893925657298277,
      "dividendPayoutRatio": null,
      "inventoryTurnover": 2.931300213149697,
      "daysInventoryOutstanding": null,
      "cashConversionCycleDays": null,
      "currentRatio": 1.3268659227275277,
      "fcfMargin": null
    }
  },
  "answer": {
    "company": "Intel",
    "ticker": "INTC",
    "industry": "Semiconductors (IDM)"
  },
  "scoring": {
    "industry_distance": {
      "Semiconductors (IDM)": 0,
      "Semiconductors (Foundry)": 1,
      "Semiconductors (Fabless)": 1,
      "Memory / Storage": 2,
      "Semiconductor Equipment": 2,
      "PC / Server OEM": 3,
      "Networking Hardware": 3
    },
    "company_pool_distractor_rationale": {
      "AMD": "INTC 직접 경쟁자 — 매출 25B로 절반, GM 50%대 (fabless로 다름). CPU/GPU 듀오폴리에서 가장 헷갈리는 회사. Top-of-mind misread.",
      "Micron Technology": "FY2023 음의 GM 사이클 바닥과 비교. 메모리 단일 BM이라 파운드리 분리 사건 부재.",
      "TSMC": "순수 파운드리로 GM 50%대 + 대만 상장. INTC의 IDM→파운드리 전환 단서로 헷갈릴 수 있음.",
      "Texas Instruments": "아날로그 IDM이지만 GM 60%대 유지 + 매출 17B로 작아 INTC와 규모 차이."
    }
  },
  "narrative": "# Intel FY2024 — Semiconductors (IDM)\n\n## 정답\n**Intel** (Semiconductors / IDM) — **FY2024**\n\n## 결정적 단서\n- GM 32% — 한때 60%대였던 회사\n- 매출 53B + capex 24B 지속\n- Foundry 사업부 분리 + CHIPS Act 7.86B 보조금\n\n## 그 해의 이야기\n*\"GM 32%인 반도체 회사\"* 라는 단서만 봐도 이상하다. 보통 32%는 OEM이지 fab을 굴리는 회사 숫자가 아니다. 2024년 Intel의 비극은 거기서 시작된다 — IDM 2.0으로 파운드리에 들어가겠다는 야심에 capex는 24B로 부풀었는데, 데이터센터 물량은 NVDA 가속기에 빠르게 빼앗겼고, 클라이언트 PC는 AMD/Arm에 잠식됐다.\n\n12월 Pat Gelsinger가 사임했다. 그가 \"5N4Y(5 nodes in 4 years)\"를 외치며 들어왔던 2021년의 자신감은 18A 양산 지연과 fab 가동률 부진 앞에 무너졌다. CHIPS Act 7.86B 보조금은 정부가 *전략적 자산*으로 Intel을 떠받친다는 신호였지만, 시장은 foundry 분리(자회사화)를 요구했다. AI 슈퍼사이클의 첫 4년 동안 *반도체 슈퍼사이클을 가장 못 누린 반도체 회사*라는 자리에 올랐다.\n\n## 흔한 오답\n- **AMD**: 직접 경쟁자지만 fabless → GM 50%대 유지 + 매출 25B 절반 규모.\n- **TSMC**: 순수 파운드리로 GM 50%대 + 대만 상장이라 USD/SEC 재무 패턴 다름.\n",
  "metadata": {
    "difficulty": "easy",
    "era_signal": "FY2024 Pat Gelsinger 사임 + IDM 2.0 전략 회복 실패. Intel Foundry Services 분리, CHIPS Act 7.86B 보조금. NVDA AI 호황에 밀려 GM 32%로 추락, 18A 양산 지연.",
    "uniqueness_argument": "GM 32% (한때 60%대) + 53B 매출 + 24B capex + foundry 손실은 IDM 전환 중인 INTC만의 시그니처.",
    "source": "catalog-builder-pipeline",
    "builtAt": "2026-05-07",
    "batchId": "2026-05-08"
  }
}