{
  "slug": "NVDA-FY2026",
  "challenge": {
    "fiscal_year": "FY2026",
    "fiscal_year_end_hint": "회계연도 종료: 1월 말",
    "reported_currency": "USD",
    "industry_options": [
      "Semiconductors (Fabless / GPU)",
      "Semiconductors (IDM)",
      "Semiconductors (Foundry)",
      "Networking Hardware",
      "Server / Computer Hardware",
      "Cloud Infrastructure",
      "Software (AI Platform)"
    ],
    "company_pool": [
      "NVIDIA",
      "AMD",
      "Broadcom",
      "TSMC",
      "Super Micro Computer"
    ],
    "financials": {
      "income_statement": {
        "revenue": 215938000000,
        "costOfRevenue": 62475000000,
        "grossProfit": 153463000000,
        "grossMargin": 0.7106808435754708,
        "researchAndDevelopmentExpenses": 18497000000,
        "sellingGeneralAndAdministrativeExpenses": 4579000000,
        "operatingIncome": 130387000000,
        "operatingMargin": 0.6038168363141272,
        "interestIncome": 2300000000,
        "interestExpense": 259000000,
        "netInterestIncome": 2041000000,
        "depreciationAndAmortization": 2843000000,
        "ebitda": 144552000000,
        "incomeBeforeTax": 141450000000,
        "incomeTaxExpense": 21383000000,
        "netIncome": 120067000000,
        "netMargin": 0.5560253406070261,
        "epsDiluted": 4.9,
        "weightedAverageSharesDiluted": 24432000000
      },
      "balance_sheet": {
        "cashAndCashEquivalents": 10605000000,
        "shortTermInvestments": 51951000000,
        "accountsReceivables": 38466000000,
        "inventory": 21403000000,
        "totalCurrentAssets": 125605000000,
        "propertyPlantEquipmentNet": 13250000000,
        "goodwill": 20832000000,
        "totalAssets": 206803000000,
        "accountPayables": 9812000000,
        "accruedExpenses": 9239000000,
        "shortTermDebt": 999000000,
        "otherCurrentLiabilities": 7693000000,
        "totalCurrentLiabilities": 32163000000,
        "longTermDebt": 7469000000,
        "capitalLeaseObligationsNonCurrent": 2572000000,
        "totalNonCurrentLiabilities": 17347000000,
        "totalLiabilities": 49510000000,
        "retainedEarnings": 146973000000,
        "totalStockholdersEquity": 157293000000,
        "totalDebt": 11412000000,
        "netDebt": 807000000
      },
      "cash_flow_statement": {
        "netIncome": 120067000000,
        "depreciationAndAmortization": 2843000000,
        "stockBasedCompensation": 6386000000,
        "changeInInventory": -11324000000,
        "changeInAccountsPayable": 3096000000,
        "changeInWorkingCapital": -15949000000,
        "operatingCashFlow": 102718000000,
        "capitalExpenditure": -6042000000,
        "freeCashFlow": 96676000000,
        "acquisitionsNet": -1535000000,
        "commonStockRepurchased": -40086000000,
        "commonDividendsPaid": -974000000,
        "netCashProvidedByFinancingActivities": -48474000000,
        "interestPaid": 0,
        "incomeTaxesPaid": 0
      }
    },
    "derived_ratios": {
      "returnOnEquity": 0.7633333969089534,
      "dividendPayoutRatio": null,
      "inventoryTurnover": 2.9189833200953137,
      "daysInventoryOutstanding": null,
      "cashConversionCycleDays": null,
      "currentRatio": 3.905263812455306,
      "fcfMargin": null
    },
    "financials_history": [
      {
        "fiscal_year": "FY2023",
        "income_statement": {
          "revenue": 26974000000,
          "costOfRevenue": 11618000000,
          "grossProfit": 15356000000,
          "grossMargin": 0.5692889449099132,
          "researchAndDevelopmentExpenses": 7339000000,
          "sellingGeneralAndAdministrativeExpenses": 2440000000,
          "operatingIncome": 4224000000,
          "operatingMargin": 0.1565952398606065,
          "interestIncome": 267000000,
          "interestExpense": 262000000,
          "netInterestIncome": 5000000,
          "depreciationAndAmortization": 1543000000,
          "ebitda": 5986000000,
          "incomeBeforeTax": 4181000000,
          "incomeTaxExpense": -187000000,
          "netIncome": 4368000000,
          "netMargin": 0.16193371394676356,
          "epsDiluted": 0.17,
          "weightedAverageSharesDiluted": 25070000000
        },
        "balance_sheet": {
          "cashAndCashEquivalents": 3389000000,
          "shortTermInvestments": 9907000000,
          "accountsReceivables": 3827000000,
          "inventory": 5159000000,
          "totalCurrentAssets": 23073000000,
          "propertyPlantEquipmentNet": 4845000000,
          "goodwill": 4372000000,
          "totalAssets": 41182000000,
          "accountPayables": 1193000000,
          "accruedExpenses": 2946000000,
          "shortTermDebt": 1250000000,
          "otherCurrentLiabilities": 177000000,
          "totalCurrentLiabilities": 6563000000,
          "longTermDebt": 9703000000,
          "capitalLeaseObligationsNonCurrent": 902000000,
          "totalNonCurrentLiabilities": 12518000000,
          "totalLiabilities": 19081000000,
          "retainedEarnings": 10171000000,
          "totalStockholdersEquity": 22101000000,
          "totalDebt": 12031000000,
          "netDebt": 8642000000
        },
        "cash_flow_statement": {
          "netIncome": 4368000000,
          "depreciationAndAmortization": 1544000000,
          "stockBasedCompensation": 2709000000,
          "changeInInventory": -2554000000,
          "changeInAccountsPayable": -551000000,
          "changeInWorkingCapital": -2207000000,
          "operatingCashFlow": 5641000000,
          "capitalExpenditure": -1833000000,
          "freeCashFlow": 3808000000,
          "acquisitionsNet": -49000000,
          "commonStockRepurchased": -10039000000,
          "commonDividendsPaid": -398000000,
          "netCashProvidedByFinancingActivities": -11617000000,
          "interestPaid": 254000000,
          "incomeTaxesPaid": 1404000000
        },
        "derived_ratios": {
          "returnOnEquity": 0.19763811592235644,
          "dividendPayoutRatio": null,
          "inventoryTurnover": 2.251986819150998,
          "daysInventoryOutstanding": null,
          "cashConversionCycleDays": null,
          "currentRatio": 3.515617857687033,
          "fcfMargin": null
        }
      },
      {
        "fiscal_year": "FY2024",
        "income_statement": {
          "revenue": 60922000000,
          "costOfRevenue": 16621000000,
          "grossProfit": 44301000000,
          "grossMargin": 0.7271757329043695,
          "researchAndDevelopmentExpenses": 8675000000,
          "sellingGeneralAndAdministrativeExpenses": 2654000000,
          "operatingIncome": 32972000000,
          "operatingMargin": 0.5412166376678376,
          "interestIncome": 866000000,
          "interestExpense": 257000000,
          "netInterestIncome": 609000000,
          "depreciationAndAmortization": 1508000000,
          "ebitda": 35583000000,
          "incomeBeforeTax": 33818000000,
          "incomeTaxExpense": 4058000000,
          "netIncome": 29760000000,
          "netMargin": 0.4884934834706674,
          "epsDiluted": 1.19,
          "weightedAverageSharesDiluted": 24940000000
        },
        "balance_sheet": {
          "cashAndCashEquivalents": 7280000000,
          "shortTermInvestments": 18704000000,
          "accountsReceivables": 9999000000,
          "inventory": 5282000000,
          "totalCurrentAssets": 44345000000,
          "propertyPlantEquipmentNet": 5260000000,
          "goodwill": 4430000000,
          "totalAssets": 65728000000,
          "accountPayables": 2699000000,
          "accruedExpenses": 4780000000,
          "shortTermDebt": 1250000000,
          "otherCurrentLiabilities": 614000000,
          "totalCurrentLiabilities": 10631000000,
          "longTermDebt": 8459000000,
          "capitalLeaseObligationsNonCurrent": 1119000000,
          "totalNonCurrentLiabilities": 12119000000,
          "totalLiabilities": 22750000000,
          "retainedEarnings": 29817000000,